title,href,body,date
"Sahabat Ganjar Jambi on Instagram: ""Ganjar pemimpin dengan sosok ...",https://www.instagram.com/p/Cm3KrJSPKey/,"0 Likes, 0 Comments - Sahabat Ganjar Jambi (@sahabatganjar_jambi) on Instagram: ""Ganjar pemimpin dengan sosok merakyat! #ganjarpranowo #ganjar_pranowo #ganjarkita‚Ä¶""",2023-01-01
pinterpolitik on Instagram: Dengan rendahnya elektabilitas Puan ...,https://www.instagram.com/p/Cm8rQNngOkW/,"Dengan rendahnya elektabilitas Puan Maharani, berbagai pihak menilai PDIP tidak rasional apabila mengusung sang Ketua DPR RI di Pilpres 2024. Namun, benarkah asumsi tersebut? #pdiperjuangan #puanmaharani #elektabilitas #capres2024 #pilpres2024 #infografis #infografik #pinterpolitik #politikindonesia #beritapolitik #beritapolitikterkini # ...",2023-01-02
asumsico on Instagram: Ganjar Pranowo disebut telah diberi kode dari ...,https://www.instagram.com/p/Cm8f8KtPPnH/,asumsico ‚Ä¢ Original audio. Original audio. 692 likes likes,2023-01-02
"Asumsi on Instagram: ""Indikator Politik Indonesia merilis survei ...",https://www.instagram.com/p/Cm_i1VqvQLH/,"Indikator Politik Indonesia merilis survei elektabilitas bakal calon presiden (capres) 2024. Hasilnya, Gubenur Jawa Tengah Ganjar Pranowo dan Menteri Pertahanan Prabowo Subianto alami peningkatan elektabilitas. Sedangkan elektabilitas Anies Baswedan turun. Ketiganya bersaing di semua simulasi nama-nama kandidat presiden.",2023-01-03
pinterpolitik on Instagram: Dengan rendahnya elektabilitas Puan ...,https://www.instagram.com/p/Cm8rQNngOkW/,"Dengan rendahnya elektabilitas Puan Maharani, berbagai pihak menilai PDIP tidak rasional apabila mengusung sang Ketua DPR RI di Pilpres 2024. Namun, benarkah asumsi tersebut? #pdiperjuangan #puanmaharani #elektabilitas #capres2024 #pilpres2024 #infografis #infografik #pinterpolitik #politikindonesia #beritapolitik #beritapolitikterkini # ...",2023-01-03
asumsico on Instagram: Ganjar Pranowo disebut telah diberi kode dari ...,https://www.instagram.com/p/Cm8f8KtPPnH/,asumsico ‚Ä¢ Original audio. Original audio. 692 likes likes,2023-01-03
obrolanpolitik - Instagram,https://www.instagram.com/p/CnCXA1YPWHa/,"448 Likes, 105 Comments - @obrolanpolitik on Instagram: ""FAJAR.CO.ID, JAKARTA ‚Äî Pengamat Politik Rocky Gerung menyebut pihak istana semakin khawatir dengan‚Ä¶""",2023-01-04
"Asumsi on Instagram: ""Indikator Politik Indonesia merilis survei ...",https://www.instagram.com/p/Cm_i1VqvQLH/,"Indikator Politik Indonesia merilis survei elektabilitas bakal calon presiden (capres) 2024. Hasilnya, Gubenur Jawa Tengah Ganjar Pranowo dan Menteri Pertahanan Prabowo Subianto alami peningkatan elektabilitas. Sedangkan elektabilitas Anies Baswedan turun. Ketiganya bersaing di semua simulasi nama-nama kandidat presiden.",2023-01-04
obrolanpolitik - Instagram,https://www.instagram.com/p/CnCXA1YPWHa/,"448 Likes, 105 Comments - @obrolanpolitik on Instagram: ""FAJAR.CO.ID, JAKARTA ‚Äî Pengamat Politik Rocky Gerung menyebut pihak istana semakin khawatir dengan‚Ä¶""",2023-01-05
"PinterPolitik.com on Instagram: ""Setelah mundur dari jabatan sebagai ...",https://www.instagram.com/p/CnD6s1APdDP/,"Hasil survei terbaru dari Indikator Politik Indonesia menunjukkan elektabilitas Anies mengalami penurunan. Sementara, di kubu seberang, elektabilitas Ganjar Pranowo justru mengalami kenaikan. Ini mungkin karena status Anies yang saat ini tidak lagi menjabat sebagai pejabat publik membuatnya kekurangan panggung.",2023-01-05
"INFO KONSER JOGJA on Instagram: ""HARI INI!!!! Ganjar Pranowo Festival ...",https://www.instagram.com/p/CnGLLxzvHDy/,"HARI INI!!!! Ganjar Pranowo Festival #6 di Lapangan Parkir Mandala Krida, Yogyakarta. Banyak doorprize dan acara ini GRATIIISS!!! Yuk, langsung datang aja ke acara Ganjar Pranowo Festival #6, karena acara sudah dimulai dari jam 14.00 siang ini. Acara ini akan diisi oleh Stevan Pasaribu, Ndx, Abah Lala, Dewi Perssik, Aldi Taher, Sera, Hana Monina, & Ivha Berlian.",2023-01-06
"PinterPolitik.com on Instagram: ""Setelah mundur dari jabatan sebagai ...",https://www.instagram.com/p/CnD6s1APdDP/,"Hasil survei terbaru dari Indikator Politik Indonesia menunjukkan elektabilitas Anies mengalami penurunan. Sementara, di kubu seberang, elektabilitas Ganjar Pranowo justru mengalami kenaikan. Ini mungkin karena status Anies yang saat ini tidak lagi menjabat sebagai pejabat publik membuatnya kekurangan panggung.",2023-01-06
Presiden Jokowi malam minggu bersama keluarga di Malioboro. - Instagram,https://www.instagram.com/p/CnI7AT8I3TC/,ganjarsahabatrakyat ‚Ä¢ Original audio,2023-01-07
"INFO KONSER JOGJA on Instagram: ""HARI INI!!!! Ganjar Pranowo Festival ...",https://www.instagram.com/p/CnGLLxzvHDy/,"HARI INI!!!! Ganjar Pranowo Festival #6 di Lapangan Parkir Mandala Krida, Yogyakarta. Banyak doorprize dan acara ini GRATIIISS!!! Yuk, langsung datang aja ke acara Ganjar Pranowo Festival #6, karena acara sudah dimulai dari jam 14.00 siang ini. Acara ini akan diisi oleh Stevan Pasaribu, Ndx, Abah Lala, Dewi Perssik, Aldi Taher, Sera, Hana Monina, & Ivha Berlian.",2023-01-07
Wah PDIP masih kokoh di puncak ya... - Instagram,https://www.instagram.com/p/CnM0m5lNxkr/,"6,148 Likes, 356 Comments - PinterPolitik.com (@pinterpolitik) on Instagram: ""Wah PDIP masih kokoh di puncak ya... Menurut sobat PinPol, ada partai kejutan nggak di klasemen‚Ä¶""",2023-01-08
Presiden Jokowi malam minggu bersama keluarga di Malioboro. - Instagram,https://www.instagram.com/p/CnI7AT8I3TC/,ganjarsahabatrakyat ‚Ä¢ Original audio,2023-01-08
lomba_online - Instagram,https://www.instagram.com/p/CnOeDDJydXA/,"Sebagai persyaratan untuk mengikuti Lomba Hackathon dari Sahabat Ganjar yaitu:-Peserta merupakan mahasiswa/i aktif setingkat D3/D4/S1-Setiap Universitas boleh mengirimkan lebih dari 1 Tim, (Setiap timnya beranggotakan 3 orang)-Peserta wajib mengikuti Seminar Jika kamu ingin informasi tambahan, kalian bisa menghubungi Whatsapp: Admin 1: 0899 ...",2023-01-09
Wah PDIP masih kokoh di puncak ya... - Instagram,https://www.instagram.com/p/CnM0m5lNxkr/,"6,148 Likes, 356 Comments - PinterPolitik.com (@pinterpolitik) on Instagram: ""Wah PDIP masih kokoh di puncak ya... Menurut sobat PinPol, ada partai kejutan nggak di klasemen‚Ä¶""",2023-01-09
"GANJAR SAHABAT RAKYAT on Instagram: ""Presiden Joko Widodo dan PM ...",https://www.instagram.com/p/CnQGAV1h_Lz/,"23 Likes, 0 Comments - GANJAR SAHABAT RAKYAT (@ganjarsahabatrakyat) on Instagram: ""Presiden Joko Widodo dan PM Malaysia Anwar Ibrahim sepakat bekerja sama memerangi diskriminasi‚Ä¶""",2023-01-09
"najwashihab on Instagram: ""Pak Jokowi kalau gak ada PDIP juga‚Ä¶ aduh ...",https://www.instagram.com/p/CnRVvzspzY4/,"""Pak Jokowi kalau gak ada PDIP juga‚Ä¶ aduh, kasihan dah."" ‚Å£ ‚Å£ Kemarin, Ketum PDIP Megawati mengungkap perannya membuat Jokowi menjadi presiden. Saat bicara capres PDIP di 2024, Ibu Mega, seperti biasanya menekankan 'hak prerogatif ketua umum', dengan santai berucap: ""Urusan gua."" ‚Å£ ‚Å£ Dua pernyataan itu tak keliru.",2023-01-10
lomba_online - Instagram,https://www.instagram.com/p/CnOeDDJydXA/,"Sebagai persyaratan untuk mengikuti Lomba Hackathon dari Sahabat Ganjar yaitu:-Peserta merupakan mahasiswa/i aktif setingkat D3/D4/S1-Setiap Universitas boleh mengirimkan lebih dari 1 Tim, (Setiap timnya beranggotakan 3 orang)-Peserta wajib mengikuti Seminar Jika kamu ingin informasi tambahan, kalian bisa menghubungi Whatsapp: Admin 1: 0899 ...",2023-01-10
londi_official on Instagram: Yang diundang yang sahabat aja ya Bu Mega ...,https://www.instagram.com/p/CnRPUbwowU8/,londi_official ‚Ä¢ Original audio,2023-01-10
"GANJAR SAHABAT RAKYAT on Instagram: ""Presiden Joko Widodo dan PM ...",https://www.instagram.com/p/CnQGAV1h_Lz/,"23 Likes, 0 Comments - GANJAR SAHABAT RAKYAT (@ganjarsahabatrakyat) on Instagram: ""Presiden Joko Widodo dan PM Malaysia Anwar Ibrahim sepakat bekerja sama memerangi diskriminasi‚Ä¶""",2023-01-10
"najwashihab on Instagram: ""Pak Jokowi kalau gak ada PDIP juga‚Ä¶ aduh ...",https://www.instagram.com/p/CnRVvzspzY4/,"""Pak Jokowi kalau gak ada PDIP juga‚Ä¶ aduh, kasihan dah."" ‚Å£ ‚Å£ Kemarin, Ketum PDIP Megawati mengungkap perannya membuat Jokowi menjadi presiden. Saat bicara capres PDIP di 2024, Ibu Mega, seperti biasanya menekankan 'hak prerogatif ketua umum', dengan santai berucap: ""Urusan gua."" ‚Å£ ‚Å£ Dua pernyataan itu tak keliru.",2023-01-11
londi_official on Instagram: Yang diundang yang sahabat aja ya Bu Mega ...,https://www.instagram.com/p/CnRPUbwowU8/,londi_official ‚Ä¢ Original audio,2023-01-11
"Ganjar Pranowo RI1 üáÆüá© on Instagram: ""Lembaga survey Surabaya Survei ...",https://www.instagram.com/p/Cna0sKUJqXs/,"644 Likes, 41 Comments - Ganjar Pranowo RI1 üáÆüá© (@ganjarpranowo.ri1) on Instagram: ""Lembaga survey Surabaya Survei Center (SSC) merilis hasil survei elektabilitas Capres terkait‚Ä¶""",2023-01-14
"Sahabat Ganjar Samarinda Official's Instagram post: ""Bukti tanggung ...",https://www.instagram.com/p/CnbOm2hLKQW/,sahabatganjar_samarinda ‚Ä¢ Original audio,2023-01-14
PARTAI GELORA DORONG ANIS MATTA-FAHRI HAMZAH JADI CAPRES ... - Instagram,https://www.instagram.com/p/CnbOQlprqTw/,"""Dinamika capres dan cawapres saat ini masih bergerak dinamis dan cair. Tak hanya partai parlemen, partai baru juga turut serta mendorong kader internal untuk diusung dalam Pilpres 2024,"" kata Ketua Bapilu Partai Gelora, Rico Marbun ketika menghadiri acara 'VIVA The Interview Coffee Session' di kawasan Kemang, Jakarta Selatan, Sabtu (14/1/2023).",2023-01-14
Watch this reel by catatankakihatireborn on Instagram,https://www.instagram.com/p/Cna2EGFhFL1/,catatankakihatireborn ‚Ä¢ Original audio,2023-01-14
"Haluan Media on Instagram: ""Putra pertama Soekarno, Guntur ...",https://www.instagram.com/p/Cnbw0WEvLFC/,"-1 Likes, 31 Comments - Haluan Media (@haluanmedia) on Instagram: ""Putra pertama Soekarno, Guntur Soekarnoputra blak-blakan mendukung Ganjar Pranowo untuk maju‚Ä¶""",2023-01-14
"Sahabat Ganjar Samarinda Official's Instagram post: ""Bukti tanggung ...",https://www.instagram.com/p/CnbOm2hLKQW/,sahabatganjar_samarinda ‚Ä¢ Original audio,2023-01-15
"Ganjar Pranowo RI1 üáÆüá© on Instagram: ""Lembaga survey Surabaya Survei ...",https://www.instagram.com/p/Cna0sKUJqXs/,"644 Likes, 41 Comments - Ganjar Pranowo RI1 üáÆüá© (@ganjarpranowo.ri1) on Instagram: ""Lembaga survey Surabaya Survei Center (SSC) merilis hasil survei elektabilitas Capres terkait‚Ä¶""",2023-01-15
PARTAI GELORA DORONG ANIS MATTA-FAHRI HAMZAH JADI CAPRES ... - Instagram,https://www.instagram.com/p/CnbOQlprqTw/,"""Dinamika capres dan cawapres saat ini masih bergerak dinamis dan cair. Tak hanya partai parlemen, partai baru juga turut serta mendorong kader internal untuk diusung dalam Pilpres 2024,"" kata Ketua Bapilu Partai Gelora, Rico Marbun ketika menghadiri acara 'VIVA The Interview Coffee Session' di kawasan Kemang, Jakarta Selatan, Sabtu (14/1/2023).",2023-01-15
Watch this reel by catatankakihatireborn on Instagram,https://www.instagram.com/p/Cna2EGFhFL1/,catatankakihatireborn ‚Ä¢ Original audio,2023-01-15
"Haluan Media on Instagram: ""Putra pertama Soekarno, Guntur ...",https://www.instagram.com/p/Cnbw0WEvLFC/,"-1 Likes, 31 Comments - Haluan Media (@haluanmedia) on Instagram: ""Putra pertama Soekarno, Guntur Soekarnoputra blak-blakan mendukung Ganjar Pranowo untuk maju‚Ä¶""",2023-01-15
totalpolitikcom on Instagram: Wacana mengenai majunya Megawati ...,https://www.instagram.com/p/CneYUMrBCkK/,"Hugo Loud, OFFMi ‚Ä¢ GTA",2023-01-15
totalpolitikcom on Instagram: Wacana mengenai majunya Megawati ...,https://www.instagram.com/p/CneYUMrBCkK/,"Hugo Loud, OFFMi ‚Ä¢ GTA",2023-01-16
zinjukaganjar on Instagram: Hasil Survei : Elektabilitas Ganjar Pranowo ...,https://www.instagram.com/p/CnjB5o-smkK/,zinjukaganjar ‚Ä¢ Original audio,2023-01-17
zinjukaganjar on Instagram: Hasil Survei : Elektabilitas Ganjar Pranowo ...,https://www.instagram.com/p/CnjB5o-smkK/,zinjukaganjar ‚Ä¢ Original audio,2023-01-18
"PinterPolitik.com on Instagram: ""Dukungan untuk Ganjar maju sebagai ...",https://www.instagram.com/p/Cnl7Y3yPV76/,"Dukungan untuk Ganjar maju sebagai capres di Pilpres 2024 semakin banyak bermunculan. Kali ini dukungan muncul dari kelompok yang menamakan diri Ganjarian Spartan. Kelompok ini diinisiasi oleh para pegiat sosial seperti Ade Armando, Denny Siregar, Addie MS, Eko Kunthadi, dan Guntur Romli. Mereka berharap para elite parpol mendengar aspirasi ...",2023-01-18
